Quảng Ninh,Móng Cái
Quảng Ninh,Hải Hà
Quảng Ninh,Đầm Hà
Quảng Ninh,Tiên Yên
Quảng Ninh,Cô Tô
Quảng Ninh,Vân Đồn
Quảng Ninh,Cẩm Phả
Quảng Ninh,Hạ Long
Quảng Ninh,Quảng Yên
Hải Phòng,Cát Hải
Hải Phòng,Hải An
Hải Phòng,Dương Kinh
Hải Phòng,Đồ Sơn
Hải Phòng,Kiến Thụy
Hải Phòng,Tiên Lãng
Hải Phòng,Bạch Long Vĩ
Thái Bình,Thái Thụy
Thái Bình,Tiền Hải
Nam Định,Giao Thủy
Nam Định,Hải Hậu
Nam Định,Nghĩa Hưng
Ninh Bình,Kim Sơn
Thanh Hóa,Nga Sơn
Thanh Hóa,Hậu Lộc
Thanh Hóa,Hoằng Hóa
Thanh Hóa,Sầm Sơn
Thanh Hóa,Quảng Xương
Thanh Hóa,Nghi Sơn
Nghệ An,Hoàng Mai
Nghệ An,Quỳnh Lưu
Nghệ An,Diễn Châu
Nghệ An,Nghi Lộc
Nghệ An,Cửa Lò
Hà Tĩnh,Nghi Xuân
Hà Tĩnh,Lộc Hà
Hà Tĩnh,Thạch Hà
Hà Tĩnh,Cẩm Xuyên
Hà Tĩnh,Kỳ Anh
Hà Tĩnh,Kỳ Anh
Quảng Bình,Quảng Trạch
Quảng Bình,Ba Đồn
Quảng Bình,Bố Trạch
Quảng Bình,Đồng Hới
Quảng Bình,Lệ Thủy
Quảng Bình,Quảng Ninh
Quảng Trị,Vĩnh Linh
Quảng Trị,Gio Linh
Quảng Trị,Triệu Phong
Quảng Trị,Hải Lăng
Quảng Trị,Cồn Cỏ
Thừa Thiên Huế,Phong Điền
Thừa Thiên Huế,Quảng Điền
Thừa Thiên Huế,Huế
Thừa Thiên Huế,Phú Vang
Thừa Thiên Huế,Phú Lộc
Đà Nẵng,Liên Chiểu
Đà Nẵng,Thanh Khê
Đà Nẵng,Hải Châu
Đà Nẵng,Sơn Trà
Đà Nẵng,Ngũ Hành Sơn
Đà Nẵng,Hoàng Sa
Quảng Nam,Điện Bàn
Quảng Nam,Hội An
Quảng Nam,Duy Xuyên
Quảng Nam,Thăng Bình
Quảng Nam,Tam Kỳ
Quảng Nam,Núi Thành
Quảng Ngãi,Bình Sơn
Quảng Ngãi,Quảng Ngãi
Quảng Ngãi,Mộ Đức
Quảng Ngãi,Đức Phổ
Quảng Ngãi,Lý Sơn
Bình Định,Hoài Nhơn
Bình Định,Phù Mỹ
Bình Định,Phù Cát
Bình Định,Quy Nhơn
Phú Yên,Sông Cầu
Phú Yên,Tuy An
Phú Yên,Tuy Hòa
Phú Yên,Đông Hòa
Khánh Hòa,Vạn Ninh
Khánh Hòa,Ninh Hòa
Khánh Hòa,Nha Trang
Khánh Hòa,Cam Lâm
Khánh Hòa,Cam Ranh
Khánh Hòa,Trường Sa
Ninh Thuận,Thuận Bắc
Ninh Thuận,Ninh Hải
Ninh Thuận,Phan Rang - Tháp Chàm
Ninh Thuận,Ninh Phước
Ninh Thuận,Thuận Nam
Bình Thuận,Tuy Phong
Bình Thuận,Bắc Bình
Bình Thuận,Phan Thiết
Bình Thuận,Hàm Thuận Nam
Bình Thuận,La Gi
Bình Thuận,Hàm Tân
Bình Thuận,Phú Quý
Bà Rịa - Vũng Tàu,Xuyên Mộc
Bà Rịa - Vũng Tàu,Đất Đỏ
Bà Rịa - Vũng Tàu,Long Điền
Bà Rịa - Vũng Tàu,Phú Mỹ
Bà Rịa - Vũng Tàu,Vũng Tàu
Bà Rịa - Vũng Tàu,Côn Đảo
Hồ Chí Minh,Cần Giờ
Tiền Giang,Gò Công Đông
Tiền Giang,Tân Phú Đông
Bến Tre,Bình Đại
Bến Tre,Ba Tri
Bến Tre,Thạnh Phú
Trà Vinh,Châu Thành
Trà Vinh,Cầu Ngang
Trà Vinh,Duyên Hải
Trà Vinh,Duyên Hải
Sóc Trăng,Cù Lao Dung
Sóc Trăng,Trần Đề
Sóc Trăng,Vĩnh Châu
Bạc Liêu,Bạc Liêu
Bạc Liêu,Hòa Bình
Bạc Liêu,Đông Hải
Cà Mau,Đầm Dơi
Cà Mau,Năm Căn
Cà Mau,Ngọc Hiển
Cà Mau,Phú Tân
Cà Mau,Trần Văn Thời
Cà Mau,U Minh
Kiên Giang,An Minh
Kiên Giang,An Biên
Kiên Giang,Rạch Giá
Kiên Giang,Hòn Đất
Kiên Giang,Kiên Lương
Kiên Giang,Hà Tiên
Kiên Giang,Kiên Hải
Kiên Giang,Phú Quốc
